{
  "code": 20000,
  "message": "查询成功",
  "data|1-3": [{ // 1到3个套餐
    "id|+1": 1, //初始值1开始，每条+1
    "title": '@ctitle(7,10)——组合套餐',
    "groupPrice|301-800.2": 1, //套餐价,
    "totalPrice|401-1200.2": 1, //总价,
    "list|2-4": [{ //每个套餐2到4个课程
      "id|+1": 10, //初始值10开始，每条+1
      "userId": "@integer(10, 30)",
      "nickName|1": ["@cname", '梦老师'],
      "userImage": "@image",
      "title": "@csentence", // 标题
      "totalTime": "@time", //总时长
      "studyTotal": "@integer(100, 700)", // 在学人数
      "commTotal": "@integer(100, 600)", // 好评数
      // 主图
      "mainImage|1": ['/static/images/banner2.jpg', '/static/images/banner1.jpg', 'https://fuss10.elemecdn.com/3/63/4e7f3a15429bfda99bce42a18cdd1jpeg.jpeg'],
      "isFree": 0, //是否免费：0免费，1收费，
      "priceOriginal|501-800.2": 1, //原价, 501到800之间随机数，小数点2位
      "priceDiscount|60-500.2": 1 //优惠价
    }]
  }]
}